2.550745964050293,-0.2622356414794922,-0.29743096232414246,0.08667858690023422,-0.12337350100278854,0.3103550970554352,1597052474,897392804
2.550745964050293,-0.2622356414794922,-0.29743096232414246,0.08667858690023422,-0.12337350100278854,0.3103550970554352,1597052474,903386706
2.550745964050293,-0.2622356414794922,-0.29743096232414246,0.08667858690023422,-0.12337350100278854,0.3103550970554352,1597052474,906392869
2.550745964050293,-0.2622356414794922,-0.29743096232414246,0.08667858690023422,-0.12337350100278854,0.3103550970554352,1597052474,909393593
2.550745964050293,-0.2622356414794922,-0.29743096232414246,0.08667858690023422,-0.12337350100278854,0.3103550970554352,1597052474,930394508
2.550745964050293,-0.2622356414794922,-0.29743096232414246,0.08667858690023422,-0.12337350100278854,0.3103550970554352,1597052475,77395012
2.550745964050293,-0.2622356414794922,-0.29743096232414246,0.08667858690023422,-0.12337350100278854,0.3103550970554352,1597052475,164411953
2.550745964050293,-0.2622356414794922,-0.29743096232414246,0.08667858690023422,-0.12337350100278854,0.3103550970554352,1597052475,296390692
2.550745964050293,-0.2622356414794922,-0.29743096232414246,0.08667858690023422,-0.12337350100278854,0.3103550970554352,1597052475,416366125
2.550745964050293,-0.2622356414794922,-0.29743096232414246,0.08667858690023422,-0.12337350100278854,0.3103550970554352,1597052475,524366928
2.550745964050293,-0.2622356414794922,-0.29743096232414246,0.08667858690023422,-0.12337350100278854,0.3103550970554352,1597052475,656368848
2.550745964050293,-0.2622356414794922,-0.29743096232414246,0.08667858690023422,-0.12337350100278854,0.3103550970554352,1597052475,791370510
2.550745964050293,-0.2622356414794922,-0.29743096232414246,0.08667858690023422,-0.12337350100278854,0.3103550970554352,1597052475,978700879
2.550745964050293,-0.2622356414794922,-0.29743096232414246,0.08667858690023422,-0.12337350100278854,0.3103550970554352,1597052476,109354103
2.550745964050293,-0.2622356414794922,-0.29743096232414246,0.08667858690023422,-0.12337350100278854,0.3103550970554352,1597052476,244358306
2.550745964050293,-0.2622356414794922,-0.29743096232414246,0.08667858690023422,-0.12337350100278854,0.3103550970554352,1597052476,289371429
2.550745964050293,-0.2622356414794922,-0.29743096232414246,0.08667858690023422,-0.12337350100278854,0.3103550970554352,1597052476,433362587
2.550745964050293,-0.2622356414794922,-0.29743096232414246,0.08667858690023422,-0.12337350100278854,0.3103550970554352,1597052476,610834892
2.550745964050293,-0.2622356414794922,-0.29743096232414246,0.08667858690023422,-0.12337350100278854,0.3103550970554352,1597052476,790164673
2.550745964050293,-0.2622356414794922,-0.29743096232414246,0.08667858690023422,-0.12337350100278854,0.3103550970554352,1597052476,880351489
2.550745964050293,-0.2622356414794922,-0.29743096232414246,0.08667858690023422,-0.12337350100278854,0.3103550970554352,1597052476,970343698
2.550745964050293,-0.2622356414794922,-0.29743096232414246,0.08667858690023422,-0.12337350100278854,0.3103550970554352,1597052477,105355187
2.550745964050293,-0.2622356414794922,-0.29743096232414246,0.08667858690023422,-0.12337350100278854,0.3103550970554352,1597052477,237350662
2.550745964050293,-0.2622356414794922,-0.29743096232414246,0.08667858690023422,-0.12337350100278854,0.3103550970554352,1597052477,324355553
2.550745964050293,-0.2622356414794922,-0.29743096232414246,0.08667858690023422,-0.12337350100278854,0.3103550970554352,1597052477,456320084
2.550745964050293,-0.2622356414794922,-0.29743096232414246,0.08667858690023422,-0.12337350100278854,0.3103550970554352,1597052477,549324591
2.550745964050293,-0.2622356414794922,-0.29743096232414246,0.08667858690023422,-0.12337350100278854,0.3103550970554352,1597052477,681331421
2.550745964050293,-0.2622356414794922,-0.29743096232414246,0.08667858690023422,-0.12337350100278854,0.3103550970554352,1597052477,765332804
2.550745964050293,-0.2622356414794922,-0.29743096232414246,0.08667858690023422,-0.12337350100278854,0.3103550970554352,1597052477,897336928
2.550745964050293,-0.2622356414794922,-0.29743096232414246,0.08667858690023422,-0.12337350100278854,0.3103550970554352,1597052477,984334766
2.550745964050293,-0.2622356414794922,-0.29743096232414246,0.08667858690023422,-0.12337350100278854,0.3103550970554352,1597052478,116309737
2.550745964050293,-0.2622356414794922,-0.29743096232414246,0.08667858690023422,-0.12337350100278854,0.3103550970554352,1597052478,251309966
2.550745964050293,-0.2622356414794922,-0.29743096232414246,0.08667858690023422,-0.12337350100278854,0.3103550970554352,1597052478,440316156
2.550745964050293,-0.2622356414794922,-0.29743096232414246,0.08667858690023422,-0.12337350100278854,0.3103550970554352,1597052478,617302833
2.550745964050293,-0.2622356414794922,-0.29743096232414246,0.08667858690023422,-0.12337350100278854,0.3103550970554352,1597052478,797298702
2.550745964050293,-0.2622356414794922,-0.29743096232414246,0.08667858690023422,-0.12337350100278854,0.3103550970554352,1597052478,968298937
2.550745964050293,-0.2622356414794922,-0.29743096232414246,0.08667858690023422,-0.12337350100278854,0.3103550970554352,1597052479,142301226
2.550745964050293,-0.2622356414794922,-0.29743096232414246,0.08667858690023422,-0.12337350100278854,0.3103550970554352,1597052479,277273864
2.550745964050293,-0.2622356414794922,-0.29743096232414246,0.08667858690023422,-0.12337350100278854,0.3103550970554352,1597052479,448265067
2.550745964050293,-0.2622356414794922,-0.29743096232414246,0.08667858690023422,-0.12337350100278854,0.3103550970554352,1597052479,589314451
2.550745964050293,-0.2622356414794922,-0.29743096232414246,0.08667858690023422,-0.12337350100278854,0.3103550970554352,1597052479,721288843
2.550745964050293,-0.2622356414794922,-0.29743096232414246,0.08667858690023422,-0.12337350100278854,0.3103550970554352,1597052479,901301398
0.9976246356964111,1.4412842988967896,-1.006933331489563,0.25480782985687256,0.13293315470218658,0.5165016651153564,1597052480,129259826
1.0433363914489746,1.4400546550750732,-1.0289539098739624,0.26301366090774536,0.12224601954221725,0.5166958570480347,1597052480,312252192
1.0433363914489746,1.4400546550750732,-1.0289539098739624,0.26301366090774536,0.12224601954221725,0.5166958570480347,1597052480,441263226
1.0433363914489746,1.4400546550750732,-1.0289539098739624,0.26301366090774536,0.12224601954221725,0.5166958570480347,1597052480,576254482
1.0504132509231567,1.5123953819274902,-0.9218689203262329,0.27089446783065796,0.1204189583659172,0.5014544725418091,1597052480,717269307
1.0504132509231567,1.5123953819274902,-0.9218689203262329,0.27089446783065796,0.1204189583659172,0.5014544725418091,1597052480,861268479
1.0504132509231567,1.5123953819274902,-0.9218689203262329,0.27089446783065796,0.1204189583659172,0.5014544725418091,1597052480,954269431
1.0504132509231567,1.5123953819274902,-0.9218689203262329,0.27089446783065796,0.1204189583659172,0.5014544725418091,1597052481,86276299
1.0504132509231567,1.5123953819274902,-0.9218689203262329,0.27089446783065796,0.1204189583659172,0.5014544725418091,1597052481,128273575
1.0504132509231567,1.5123953819274902,-0.9218689203262329,0.27089446783065796,0.1204189583659172,0.5014544725418091,1597052481,269297271
1.0504132509231567,1.5123953819274902,-0.9218689203262329,0.27089446783065796,0.1204189583659172,0.5014544725418091,1597052481,401292651
1.0504132509231567,1.5123953819274902,-0.9218689203262329,0.27089446783065796,0.1204189583659172,0.5014544725418091,1597052481,533274086
1.0504132509231567,1.5123953819274902,-0.9218689203262329,0.27089446783065796,0.1204189583659172,0.5014544725418091,1597052481,761278693
1.0504132509231567,1.5123953819274902,-0.9218689203262329,0.27089446783065796,0.1204189583659172,0.5014544725418091,1597052481,893279801
1.0504132509231567,1.5123953819274902,-0.9218689203262329,0.27089446783065796,0.1204189583659172,0.5014544725418091,1597052481,980280870
1.0504132509231567,1.5123953819274902,-0.9218689203262329,0.27089446783065796,0.1204189583659172,0.5014544725418091,1597052482,73256422
1.0504132509231567,1.5123953819274902,-0.9218689203262329,0.27089446783065796,0.1204189583659172,0.5014544725418091,1597052482,208282915
1.0504132509231567,1.5123953819274902,-0.9218689203262329,0.27089446783065796,0.1204189583659172,0.5014544725418091,1597052482,394291041
1.0504132509231567,1.5123953819274902,-0.9218689203262329,0.27089446783065796,0.1204189583659172,0.5014544725418091,1597052482,568302283
1.0504132509231567,1.5123953819274902,-0.9218689203262329,0.27089446783065796,0.1204189583659172,0.5014544725418091,1597052482,613206102
1.0504132509231567,1.5123953819274902,-0.9218689203262329,0.27089446783065796,0.1204189583659172,0.5014544725418091,1597052482,700408826
1.0504132509231567,1.5123953819274902,-0.9218689203262329,0.27089446783065796,0.1204189583659172,0.5014544725418091,1597052482,802209983
1.0504132509231567,1.5123953819274902,-0.9218689203262329,0.27089446783065796,0.1204189583659172,0.5014544725418091,1597052482,940211498
1.0504132509231567,1.5123953819274902,-0.9218689203262329,0.27089446783065796,0.1204189583659172,0.5014544725418091,1597052483,21215887
1.0504132509231567,1.5123953819274902,-0.9218689203262329,0.27089446783065796,0.1204189583659172,0.5014544725418091,1597052483,162215959
1.0504132509231567,1.5123953819274902,-0.9218689203262329,0.27089446783065796,0.1204189583659172,0.5014544725418091,1597052483,300218917
1.0504132509231567,1.5123953819274902,-0.9218689203262329,0.27089446783065796,0.1204189583659172,0.5014544725418091,1597052483,435218876
1.0504132509231567,1.5123953819274902,-0.9218689203262329,0.27089446783065796,0.1204189583659172,0.5014544725418091,1597052483,576226327
1.0504132509231567,1.5123953819274902,-0.9218689203262329,0.27089446783065796,0.1204189583659172,0.5014544725418091,1597052483,669225674
1.0504132509231567,1.5123953819274902,-0.9218689203262329,0.27089446783065796,0.1204189583659172,0.5014544725418091,1597052483,801226914
1.0504132509231567,1.5123953819274902,-0.9218689203262329,0.27089446783065796,0.1204189583659172,0.5014544725418091,1597052483,843226216
1.0504132509231567,1.5123953819274902,-0.9218689203262329,0.27089446783065796,0.1204189583659172,0.5014544725418091,1597052483,981228040
1.0504132509231567,1.5123953819274902,-0.9218689203262329,0.27089446783065796,0.1204189583659172,0.5014544725418091,1597052484,77241483
1.0504132509231567,1.5123953819274902,-0.9218689203262329,0.27089446783065796,0.1204189583659172,0.5014544725418091,1597052484,251236816
1.0504132509231567,1.5123953819274902,-0.9218689203262329,0.27089446783065796,0.1204189583659172,0.5014544725418091,1597052484,347233309
1.0504132509231567,1.5123953819274902,-0.9218689203262329,0.27089446783065796,0.1204189583659172,0.5014544725418091,1597052484,434167877
1.0504132509231567,1.5123953819274902,-0.9218689203262329,0.27089446783065796,0.1204189583659172,0.5014544725418091,1597052484,524233475
1.0504132509231567,1.5123953819274902,-0.9218689203262329,0.27089446783065796,0.1204189583659172,0.5014544725418091,1597052484,620240862
1.0504132509231567,1.5123953819274902,-0.9218689203262329,0.27089446783065796,0.1204189583659172,0.5014544725418091,1597052484,800243282
1.0504132509231567,1.5123953819274902,-0.9218689203262329,0.27089446783065796,0.1204189583659172,0.5014544725418091,1597052484,932171179
1.0504132509231567,1.5123953819274902,-0.9218689203262329,0.27089446783065796,0.1204189583659172,0.5014544725418091,1597052485,25162837
1.0504132509231567,1.5123953819274902,-0.9218689203262329,0.27089446783065796,0.1204189583659172,0.5014544725418091,1597052485,154153983
1.0504132509231567,1.5123953819274902,-0.9218689203262329,0.27089446783065796,0.1204189583659172,0.5014544725418091,1597052485,241158048
1.0504132509231567,1.5123953819274902,-0.9218689203262329,0.27089446783065796,0.1204189583659172,0.5014544725418091,1597052485,376153686
1.0504132509231567,1.5123953819274902,-0.9218689203262329,0.27089446783065796,0.1204189583659172,0.5014544725418091,1597052485,463138998
1.0504132509231567,1.5123953819274902,-0.9218689203262329,0.27089446783065796,0.1204189583659172,0.5014544725418091,1597052485,595136531
1.0504132509231567,1.5123953819274902,-0.9218689203262329,0.27089446783065796,0.1204189583659172,0.5014544725418091,1597052485,736190554
1.0504132509231567,1.5123953819274902,-0.9218689203262329,0.27089446783065796,0.1204189583659172,0.5014544725418091,1597052485,829143848
1.0504132509231567,1.5123953819274902,-0.9218689203262329,0.27089446783065796,0.1204189583659172,0.5014544725418091,1597052485,961131364
1.0504132509231567,1.5123953819274902,-0.9218689203262329,0.27089446783065796,0.1204189583659172,0.5014544725418091,1597052486,48148254
1.0504132509231567,1.5123953819274902,-0.9218689203262329,0.27089446783065796,0.1204189583659172,0.5014544725418091,1597052486,141127666
1.0504132509231567,1.5123953819274902,-0.9218689203262329,0.27089446783065796,0.1204189583659172,0.5014544725418091,1597052486,273125913
1.0504132509231567,1.5123953819274902,-0.9218689203262329,0.27089446783065796,0.1204189583659172,0.5014544725418091,1597052486,399123573
1.0504132509231567,1.5123953819274902,-0.9218689203262329,0.27089446783065796,0.1204189583659172,0.5014544725418091,1597052486,495119051
1.0504132509231567,1.5123953819274902,-0.9218689203262329,0.27089446783065796,0.1204189583659172,0.5014544725418091,1597052486,624133853
1.0504132509231567,1.5123953819274902,-0.9218689203262329,0.27089446783065796,0.1204189583659172,0.5014544725418091,1597052486,756114868
1.0504132509231567,1.5123953819274902,-0.9218689203262329,0.27089446783065796,0.1204189583659172,0.5014544725418091,1597052486,843110264
1.0504132509231567,1.5123953819274902,-0.9218689203262329,0.27089446783065796,0.1204189583659172,0.5014544725418091,1597052486,978125961
1.0504132509231567,1.5123953819274902,-0.9218689203262329,0.27089446783065796,0.1204189583659172,0.5014544725418091,1597052487,68115093
1.0504132509231567,1.5123953819274902,-0.9218689203262329,0.27089446783065796,0.1204189583659172,0.5014544725418091,1597052487,161110165
1.0504132509231567,1.5123953819274902,-0.9218689203262329,0.27089446783065796,0.1204189583659172,0.5014544725418091,1597052487,242119107
1.0504132509231567,1.5123953819274902,-0.9218689203262329,0.27089446783065796,0.1204189583659172,0.5014544725418091,1597052487,287294900
1.0504132509231567,1.5123953819274902,-0.9218689203262329,0.27089446783065796,0.1204189583659172,0.5014544725418091,1597052487,440131334
1.0504132509231567,1.5123953819274902,-0.9218689203262329,0.27089446783065796,0.1204189583659172,0.5014544725418091,1597052487,581087115
1.0504132509231567,1.5123953819274902,-0.9218689203262329,0.27089446783065796,0.1204189583659172,0.5014544725418091,1597052487,710878852
1.0504132509231567,1.5123953819274902,-0.9218689203262329,0.27089446783065796,0.1204189583659172,0.5014544725418091,1597052487,845100268
1.0504132509231567,1.5123953819274902,-0.9218689203262329,0.27089446783065796,0.1204189583659172,0.5014544725418091,1597052487,974094864
1.131758689880371,-1.1354862451553345,1.360337257385254,0.2846093773841858,0.10412432253360748,0.5398932695388794,1597052488,157087527
1.131758689880371,-1.1354862451553345,1.360337257385254,0.2846093773841858,0.10412432253360748,0.5398932695388794,1597052488,328075735
1.131758689880371,-1.1354862451553345,1.360337257385254,0.2846093773841858,0.10412432253360748,0.5398932695388794,1597052488,460080772
1.131758689880371,-1.1354862451553345,1.360337257385254,0.2846093773841858,0.10412432253360748,0.5398932695388794,1597052488,640081387
1.131758689880371,-1.1354862451553345,1.360337257385254,0.2846093773841858,0.10412432253360748,0.5398932695388794,1597052488,772085852
1.1367824077606201,-1.1373385190963745,1.35222327709198,0.2801123261451721,0.10426221042871475,0.540174663066864,1597052488,904235612
1.1367824077606201,-1.1373385190963745,1.35222327709198,0.2801123261451721,0.10426221042871475,0.540174663066864,1597052489,36055156
1.1367824077606201,-1.1373385190963745,1.35222327709198,0.2801123261451721,0.10426221042871475,0.540174663066864,1597052489,123056729
1.1367824077606201,-1.1373385190963745,1.35222327709198,0.2801123261451721,0.10426221042871475,0.540174663066864,1597052489,267078804
1.1367824077606201,-1.1373385190963745,1.35222327709198,0.2801123261451721,0.10426221042871475,0.540174663066864,1597052489,351052215
1.1367824077606201,-1.1373385190963745,1.35222327709198,0.2801123261451721,0.10426221042871475,0.540174663066864,1597052489,528055609
1.1377655267715454,-1.1354210376739502,1.3512005805969238,0.2812850773334503,0.10434842854738235,0.5395727157592773,1597052489,660044819
1.1377655267715454,-1.1354210376739502,1.3512005805969238,0.2812850773334503,0.10434842854738235,0.5395727157592773,1597052489,837043707
1.1377655267715454,-1.1354210376739502,1.3512005805969238,0.2812850773334503,0.10434842854738235,0.5395727157592773,1597052489,933049533
1.1377655267715454,-1.1354210376739502,1.3512005805969238,0.2812850773334503,0.10434842854738235,0.5395727157592773,1597052490,104051915
1.1377655267715454,-1.1354210376739502,1.3512005805969238,0.2812850773334503,0.10434842854738235,0.5395727157592773,1597052490,236047139
1.1377655267715454,-1.1354210376739502,1.3512005805969238,0.2812850773334503,0.10434842854738235,0.5395727157592773,1597052490,374024951
1.1377655267715454,-1.1354210376739502,1.3512005805969238,0.2812850773334503,0.10434842854738235,0.5395727157592773,1597052490,512035694
1.1378023624420166,-1.1346977949142456,1.3592950105667114,0.2812757194042206,0.10424956679344177,0.5397582650184631,1597052490,599039686
1.1378023624420166,-1.1346977949142456,1.3592950105667114,0.2812757194042206,0.10424956679344177,0.5397582650184631,1597052490,737034464
1.1369074583053589,-1.145058035850525,1.341546893119812,0.2792876660823822,0.10446799546480179,0.5402810573577881,1597052490,821034674
1.1369074583053589,-1.145058035850525,1.341546893119812,0.2792876660823822,0.10446799546480179,0.5402810573577881,1597052490,956032635
1.1369074583053589,-1.145058035850525,1.341546893119812,0.2792876660823822,0.10446799546480179,0.5402810573577881,1597052491,136023010
1.1369074583053589,-1.145058035850525,1.341546893119812,0.2792876660823822,0.10446799546480179,0.5402810573577881,1597052491,309290129
1.1369074583053589,-1.145058035850525,1.341546893119812,0.2792876660823822,0.10446799546480179,0.5402810573577881,1597052491,451017951
1.1369074583053589,-1.145058035850525,1.341546893119812,0.2792876660823822,0.10446799546480179,0.5402810573577881,1597052491,538157465
1.1369074583053589,-1.145058035850525,1.341546893119812,0.2792876660823822,0.10446799546480179,0.5402810573577881,1597052491,627999246
1.1369074583053589,-1.145058035850525,1.341546893119812,0.2792876660823822,0.10446799546480179,0.5402810573577881,1597052491,720990678
1.1369074583053589,-1.145058035850525,1.341546893119812,0.2792876660823822,0.10446799546480179,0.5402810573577881,1597052491,807992878
1.1367666721343994,-1.1475226879119873,1.342400312423706,0.2802940011024475,0.10418040305376053,0.5400501489639282,1597052491,900996194
1.1367666721343994,-1.1475226879119873,1.342400312423706,0.2802940011024475,0.10418040305376053,0.5400501489639282,1597052492,33003234
1.1367666721343994,-1.1475226879119873,1.342400312423706,0.2802940011024475,0.10418040305376053,0.5400501489639282,1597052492,119912544
1.1367666721343994,-1.1475226879119873,1.342400312423706,0.2802940011024475,0.10418040305376053,0.5400501489639282,1597052492,204005294
1.137733817100525,-1.1322330236434937,1.3554086685180664,0.2816725969314575,0.10420296341180801,0.539557695388794,1597052492,340459261
1.1383709907531738,-1.1371923685073853,1.3535467386245728,0.2817493975162506,0.10426130890846252,0.5393152236938477,1597052492,479982515
1.1387056112289429,-1.1404285430908203,1.35487961769104,0.2809383273124695,0.10425879061222076,0.5396938323974609,1597052492,659987224
1.1379942893981934,-1.143722414970398,1.3583146333694458,0.28076624870300293,0.1043865829706192,0.5396919846534729,1597052492,788990061
1.1379942893981934,-1.143722414970398,1.3583146333694458,0.28076624870300293,0.1043865829706192,0.5396919846534729,1597052493,14002895
1.1379942893981934,-1.143722414970398,1.3583146333694458,0.28076624870300293,0.1043865829706192,0.5396919846534729,1597052493,244966215
1.1379942893981934,-1.143722414970398,1.3583146333694458,0.28076624870300293,0.1043865829706192,0.5396919846534729,1597052493,379969886
1.1379942893981934,-1.143722414970398,1.3583146333694458,0.28076624870300293,0.1043865829706192,0.5396919846534729,1597052493,508946644
1.1379942893981934,-1.143722414970398,1.3583146333694458,0.28076624870300293,0.1043865829706192,0.5396919846534729,1597052493,610959375
1.1379942893981934,-1.143722414970398,1.3583146333694458,0.28076624870300293,0.1043865829706192,0.5396919846534729,1597052493,727944474
1.1379942893981934,-1.143722414970398,1.3583146333694458,0.28076624870300293,0.1043865829706192,0.5396919846534729,1597052493,820941017
1.1379942893981934,-1.143722414970398,1.3583146333694458,0.28076624870300293,0.1043865829706192,0.5396919846534729,1597052493,955959378
1.1379942893981934,-1.143722414970398,1.3583146333694458,0.28076624870300293,0.1043865829706192,0.5396919846534729,1597052494,48946913
1.1379942893981934,-1.143722414970398,1.3583146333694458,0.28076624870300293,0.1043865829706192,0.5396919846534729,1597052494,186945601
1.1379942893981934,-1.143722414970398,1.3583146333694458,0.28076624870300293,0.1043865829706192,0.5396919846534729,1597052494,363953634
1.1379942893981934,-1.143722414970398,1.3583146333694458,0.28076624870300293,0.1043865829706192,0.5396919846534729,1597052494,456929893
1.1379942893981934,-1.143722414970398,1.3583146333694458,0.28076624870300293,0.1043865829706192,0.5396919846534729,1597052494,591924619
1.1383792161941528,-1.1358702182769775,1.3434051275253296,0.2808229327201843,0.10414919257164001,0.5396565198898315,1597052494,782185394
1.1383792161941528,-1.1358702182769775,1.3434051275253296,0.2808229327201843,0.10414919257164001,0.5396565198898315,1597052494,960927213
1.1383792161941528,-1.1358702182769775,1.3434051275253296,0.2808229327201843,0.10414919257164001,0.5396565198898315,1597052495,140906864
1.1383792161941528,-1.1358702182769775,1.3434051275253296,0.2808229327201843,0.10414919257164001,0.5396565198898315,1597052495,272888981
1.139325737953186,-1.1413146257400513,1.348968744277954,0.281554251909256,0.10416997969150543,0.5393376350402832,1597052495,443914158
1.139325737953186,-1.1413146257400513,1.348968744277954,0.281554251909256,0.10416997969150543,0.5393376350402832,1597052495,671713450
1.139325737953186,-1.1413146257400513,1.348968744277954,0.281554251909256,0.10416997969150543,0.5393376350402832,1597052495,848910493
1.139325737953186,-1.1413146257400513,1.348968744277954,0.281554251909256,0.10416997969150543,0.5393376350402832,1597052495,980892879
1.139325737953186,-1.1413146257400513,1.348968744277954,0.281554251909256,0.10416997969150543,0.5393376350402832,1597052496,70899362
1.1373789310455322,-1.1501916646957397,1.3327068090438843,0.27916762232780457,0.10444149374961853,0.5400834083557129,1597052496,247900165
1.1397786140441895,-1.1377534866333008,1.3600295782089233,0.28104639053344727,0.10418843477964401,0.5395115613937378,1597052496,421892763
1.1397786140441895,-1.1377534866333008,1.3600295782089233,0.28104639053344727,0.10418843477964401,0.5395115613937378,1597052496,604873997
1.1397786140441895,-1.1377534866333008,1.3600295782089233,0.28104639053344727,0.10418843477964401,0.5395115613937378,1597052496,784912080
1.1402957439422607,-1.1411455869674683,1.3525786399841309,0.28242242336273193,0.10417231917381287,0.5392484068870544,1597052496,917266864
1.1402957439422607,-1.1411455869674683,1.3525786399841309,0.28242242336273193,0.10417231917381287,0.5392484068870544,1597052497,87881466
1.1402957439422607,-1.1411455869674683,1.3525786399841309,0.28242242336273193,0.10417231917381287,0.5392484068870544,1597052497,231869891
1.1402957439422607,-1.1411455869674683,1.3525786399841309,0.28242242336273193,0.10417231917381287,0.5392484068870544,1597052497,321861573
1.1402957439422607,-1.1411455869674683,1.3525786399841309,0.28242242336273193,0.10417231917381287,0.5392484068870544,1597052497,495888509
1.1402957439422607,-1.1411455869674683,1.3525786399841309,0.28242242336273193,0.10417231917381287,0.5392484068870544,1597052497,726817455
1.1402957439422607,-1.1411455869674683,1.3525786399841309,0.28242242336273193,0.10417231917381287,0.5392484068870544,1597052497,957853752
1.1402957439422607,-1.1411455869674683,1.3525786399841309,0.28242242336273193,0.10417231917381287,0.5392484068870544,1597052498,179852192
1.1402957439422607,-1.1411455869674683,1.3525786399841309,0.28242242336273193,0.10417231917381287,0.5392484068870544,1597052498,311874553
1.1402957439422607,-1.1411455869674683,1.3525786399841309,0.28242242336273193,0.10417231917381287,0.5392484068870544,1597052498,458867210
1.1402957439422607,-1.1411455869674683,1.3525786399841309,0.28242242336273193,0.10417231917381287,0.5392484068870544,1597052498,680042314
1.1402957439422607,-1.1411455869674683,1.3525786399841309,0.28242242336273193,0.10417231917381287,0.5392484068870544,1597052498,857549004
1.1402957439422607,-1.1411455869674683,1.3525786399841309,0.28242242336273193,0.10417231917381287,0.5392484068870544,1597052499,40835234
1.1402957439422607,-1.1411455869674683,1.3525786399841309,0.28242242336273193,0.10417231917381287,0.5392484068870544,1597052499,220821475
1.1402957439422607,-1.1411455869674683,1.3525786399841309,0.28242242336273193,0.10417231917381287,0.5392484068870544,1597052499,346831974
1.1402957439422607,-1.1411455869674683,1.3525786399841309,0.28242242336273193,0.10417231917381287,0.5392484068870544,1597052499,526840544
1.1402957439422607,-1.1411455869674683,1.3525786399841309,0.28242242336273193,0.10417231917381287,0.5392484068870544,1597052499,673811751
1.1402957439422607,-1.1411455869674683,1.3525786399841309,0.28242242336273193,0.10417231917381287,0.5392484068870544,1597052499,865802796
1.1402957439422607,-1.1411455869674683,1.3525786399841309,0.28242242336273193,0.10417231917381287,0.5392484068870544,1597052500,96818231
1.1388691663742065,-1.1419312953948975,1.3405702114105225,0.2791643738746643,0.10430844128131866,0.5400854349136353,1597052500,237824278
1.1407504081726074,-1.1394644975662231,1.3419721126556396,0.2814817726612091,0.10397987812757492,0.5396232604980469,1597052500,372816073
1.1387851238250732,-1.1406084299087524,1.353387475013733,0.28012165427207947,0.10414569824934006,0.5399037003517151,1597052500,555789623
1.1387851238250732,-1.1406084299087524,1.353387475013733,0.28012165427207947,0.10414569824934006,0.5399037003517151,1597052500,732760752
1.1387851238250732,-1.1406084299087524,1.353387475013733,0.28012165427207947,0.10414569824934006,0.5399037003517151,1597052500,870802370
1.1387851238250732,-1.1406084299087524,1.353387475013733,0.28012165427207947,0.10414569824934006,0.5399037003517151,1597052501,12800109
1.1387851238250732,-1.1406084299087524,1.353387475013733,0.28012165427207947,0.10414569824934006,0.5399037003517151,1597052501,179594091
1.1387851238250732,-1.1406084299087524,1.353387475013733,0.28012165427207947,0.10414569824934006,0.5399037003517151,1597052501,356783609
1.1387851238250732,-1.1406084299087524,1.353387475013733,0.28012165427207947,0.10414569824934006,0.5399037003517151,1597052501,443824174
1.1387851238250732,-1.1406084299087524,1.353387475013733,0.28012165427207947,0.10414569824934006,0.5399037003517151,1597052501,620798985
1.1387851238250732,-1.1406084299087524,1.353387475013733,0.28012165427207947,0.10414569824934006,0.5399037003517151,1597052501,806763186
1.1387851238250732,-1.1406084299087524,1.353387475013733,0.28012165427207947,0.10414569824934006,0.5399037003517151,1597052502,54874151
1.1387851238250732,-1.1406084299087524,1.353387475013733,0.28012165427207947,0.10414569824934006,0.5399037003517151,1597052502,230845549
1.1387851238250732,-1.1406084299087524,1.353387475013733,0.28012165427207947,0.10414569824934006,0.5399037003517151,1597052502,508801219
1.1387851238250732,-1.1406084299087524,1.353387475013733,0.28012165427207947,0.10414569824934006,0.5399037003517151,1597052502,682743926
1.1387851238250732,-1.1406084299087524,1.353387475013733,0.28012165427207947,0.10414569824934006,0.5399037003517151,1597052502,862767433
1.1387851238250732,-1.1406084299087524,1.353387475013733,0.28012165427207947,0.10414569824934006,0.5399037003517151,1597052503,45751599
1.1387851238250732,-1.1406084299087524,1.353387475013733,0.28012165427207947,0.10414569824934006,0.5399037003517151,1597052503,183753332
1.1387851238250732,-1.1406084299087524,1.353387475013733,0.28012165427207947,0.10414569824934006,0.5399037003517151,1597052503,315739859
1.1387851238250732,-1.1406084299087524,1.353387475013733,0.28012165427207947,0.10414569824934006,0.5399037003517151,1597052503,397708999
1.1387851238250732,-1.1406084299087524,1.353387475013733,0.28012165427207947,0.10414569824934006,0.5399037003517151,1597052503,543730529
1.1387851238250732,-1.1406084299087524,1.353387475013733,0.28012165427207947,0.10414569824934006,0.5399037003517151,1597052503,720969486
1.1387851238250732,-1.1406084299087524,1.353387475013733,0.28012165427207947,0.10414569824934006,0.5399037003517151,1597052503,900718777
1.1387851238250732,-1.1406084299087524,1.353387475013733,0.28012165427207947,0.10414569824934006,0.5399037003517151,1597052504,74120020
1.1387851238250732,-1.1406084299087524,1.353387475013733,0.28012165427207947,0.10414569824934006,0.5399037003517151,1597052504,254845897
1.1387851238250732,-1.1406084299087524,1.353387475013733,0.28012165427207947,0.10414569824934006,0.5399037003517151,1597052504,353717282
1.1387851238250732,-1.1406084299087524,1.353387475013733,0.28012165427207947,0.10414569824934006,0.5399037003517151,1597052504,575723510
1.1387851238250732,-1.1406084299087524,1.353387475013733,0.28012165427207947,0.10414569824934006,0.5399037003517151,1597052504,763001297
1.1387851238250732,-1.1406084299087524,1.353387475013733,0.28012165427207947,0.10414569824934006,0.5399037003517151,1597052504,935704776
1.1387851238250732,-1.1406084299087524,1.353387475013733,0.28012165427207947,0.10414569824934006,0.5399037003517151,1597052505,112710147
1.1387851238250732,-1.1406084299087524,1.353387475013733,0.28012165427207947,0.10414569824934006,0.5399037003517151,1597052505,307688186
1.1387851238250732,-1.1406084299087524,1.353387475013733,0.28012165427207947,0.10414569824934006,0.5399037003517151,1597052505,389625734
1.1387851238250732,-1.1406084299087524,1.353387475013733,0.28012165427207947,0.10414569824934006,0.5399037003517151,1597052505,526645710
1.1387851238250732,-1.1406084299087524,1.353387475013733,0.28012165427207947,0.10414569824934006,0.5399037003517151,1597052505,658694962
1.1387851238250732,-1.1406084299087524,1.353387475013733,0.28012165427207947,0.10414569824934006,0.5399037003517151,1597052505,798874975
1.1387851238250732,-1.1406084299087524,1.353387475013733,0.28012165427207947,0.10414569824934006,0.5399037003517151,1597052505,928692270
1.1387851238250732,-1.1406084299087524,1.353387475013733,0.28012165427207947,0.10414569824934006,0.5399037003517151,1597052506,63679836
1.1387851238250732,-1.1406084299087524,1.353387475013733,0.28012165427207947,0.10414569824934006,0.5399037003517151,1597052506,246689026
1.1387851238250732,-1.1406084299087524,1.353387475013733,0.28012165427207947,0.10414569824934006,0.5399037003517151,1597052506,480670979
1.1387851238250732,-1.1406084299087524,1.353387475013733,0.28012165427207947,0.10414569824934006,0.5399037003517151,1597052506,701307976
1.1387851238250732,-1.1406084299087524,1.353387475013733,0.28012165427207947,0.10414569824934006,0.5399037003517151,1597052506,843668428
1.1387851238250732,-1.1406084299087524,1.353387475013733,0.28012165427207947,0.10414569824934006,0.5399037003517151,1597052507,26653640
1.1387851238250732,-1.1406084299087524,1.353387475013733,0.28012165427207947,0.10414569824934006,0.5399037003517151,1597052507,206655149
1.1387851238250732,-1.1406084299087524,1.353387475013733,0.28012165427207947,0.10414569824934006,0.5399037003517151,1597052507,428642873
1.1387851238250732,-1.1406084299087524,1.353387475013733,0.28012165427207947,0.10414569824934006,0.5399037003517151,1597052507,560640214
1.1387851238250732,-1.1406084299087524,1.353387475013733,0.28012165427207947,0.10414569824934006,0.5399037003517151,1597052507,740634658
1.1387851238250732,-1.1406084299087524,1.353387475013733,0.28012165427207947,0.10414569824934006,0.5399037003517151,1597052507,963686014
1.137324333190918,-1.1373800039291382,1.3361622095108032,0.28033098578453064,0.10406444221735,0.539646327495575,1597052508,145641888
1.137385368347168,-1.1420294046401978,1.343542456626892,0.28007349371910095,0.10417292267084122,0.5397982597351074,1597052508,280645434
1.137385368347168,-1.1420294046401978,1.343542456626892,0.28007349371910095,0.10417292267084122,0.5397982597351074,1597052508,421646014
1.137385368347168,-1.1420294046401978,1.343542456626892,0.28007349371910095,0.10417292267084122,0.5397982597351074,1597052508,598655248
1.137385368347168,-1.1420294046401978,1.343542456626892,0.28007349371910095,0.10417292267084122,0.5397982597351074,1597052508,736627833
1.137385368347168,-1.1420294046401978,1.343542456626892,0.28007349371910095,0.10417292267084122,0.5397982597351074,1597052508,961662209
1.137385368347168,-1.1420294046401978,1.343542456626892,0.28007349371910095,0.10417292267084122,0.5397982597351074,1597052509,97543015
1.137385368347168,-1.1420294046401978,1.343542456626892,0.28007349371910095,0.10417292267084122,0.5397982597351074,1597052509,273657584
1.137385368347168,-1.1420294046401978,1.343542456626892,0.28007349371910095,0.10417292267084122,0.5397982597351074,1597052509,453663997
1.1414450407028198,-1.14252769947052,1.3561402559280396,0.2814297378063202,0.10413584858179092,0.5392795205116272,1597052509,591673865
1.1414450407028198,-1.14252769947052,1.3561402559280396,0.2814297378063202,0.10413584858179092,0.5392795205116272,1597052509,720662192
1.1414450407028198,-1.14252769947052,1.3561402559280396,0.2814297378063202,0.10413584858179092,0.5392795205116272,1597052509,897673918
1.1414450407028198,-1.14252769947052,1.3561402559280396,0.2814297378063202,0.10413584858179092,0.5392795205116272,1597052510,32872314
1.1414450407028198,-1.14252769947052,1.3561402559280396,0.2814297378063202,0.10413584858179092,0.5392795205116272,1597052510,167589528
1.1414450407028198,-1.14252769947052,1.3561402559280396,0.2814297378063202,0.10413584858179092,0.5392795205116272,1597052510,344592984
1.1414450407028198,-1.14252769947052,1.3561402559280396,0.2814297378063202,0.10413584858179092,0.5392795205116272,1597052510,488594560
1.1414450407028198,-1.14252769947052,1.3561402559280396,0.2814297378063202,0.10413584858179092,0.5392795205116272,1597052510,629595918
1.1414450407028198,-1.14252769947052,1.3561402559280396,0.2814297378063202,0.10413584858179092,0.5392795205116272,1597052510,731598391
1.1414450407028198,-1.14252769947052,1.3561402559280396,0.2814297378063202,0.10413584858179092,0.5392795205116272,1597052510,872599142
1.1414450407028198,-1.14252769947052,1.3561402559280396,0.2814297378063202,0.10413584858179092,0.5392795205116272,1597052511,4598463
1.1414450407028198,-1.14252769947052,1.3561402559280396,0.2814297378063202,0.10413584858179092,0.5392795205116272,1597052511,193608950
1.1414450407028198,-1.14252769947052,1.3561402559280396,0.2814297378063202,0.10413584858179092,0.5392795205116272,1597052511,328484089
1.1414450407028198,-1.14252769947052,1.3561402559280396,0.2814297378063202,0.10413584858179092,0.5392795205116272,1597052511,567547164
1.1414450407028198,-1.14252769947052,1.3561402559280396,0.2814297378063202,0.10413584858179092,0.5392795205116272,1597052511,784615213
1.106096863746643,-1.1382431983947754,1.330478310585022,0.283226877450943,0.10352698713541031,0.5312259197235107,1597052512,15617675
1.106096863746643,-1.1382431983947754,1.330478310585022,0.283226877450943,0.10352698713541031,0.5312259197235107,1597052512,192531787
1.106096863746643,-1.1382431983947754,1.330478310585022,0.283226877450943,0.10352698713541031,0.5312259197235107,1597052512,372530033
1.106096863746643,-1.1382431983947754,1.330478310585022,0.283226877450943,0.10352698713541031,0.5312259197235107,1597052512,517629663
1.106096863746643,-1.1382431983947754,1.330478310585022,0.283226877450943,0.10352698713541031,0.5312259197235107,1597052512,647699456
1.106096863746643,-1.1382431983947754,1.330478310585022,0.283226877450943,0.10352698713541031,0.5312259197235107,1597052512,779579793
1.106096863746643,-1.1382431983947754,1.330478310585022,0.283226877450943,0.10352698713541031,0.5312259197235107,1597052512,912510157
1.1037054061889648,-1.1380919218063354,1.3255995512008667,0.28300270438194275,0.10330156236886978,0.5316775441169739,1597052513,92523582
1.1037054061889648,-1.1380919218063354,1.3255995512008667,0.28300270438194275,0.10330156236886978,0.5316775441169739,1597052513,182525757
1.1037054061889648,-1.1380919218063354,1.3255995512008667,0.28300270438194275,0.10330156236886978,0.5316775441169739,1597052513,323505821
1.1037054061889648,-1.1380919218063354,1.3255995512008667,0.28300270438194275,0.10330156236886978,0.5316775441169739,1597052513,458838233
1.1037054061889648,-1.1380919218063354,1.3255995512008667,0.28300270438194275,0.10330156236886978,0.5316775441169739,1597052513,634804437
1.1037054061889648,-1.1380919218063354,1.3255995512008667,0.28300270438194275,0.10330156236886978,0.5316775441169739,1597052513,770540854
1.1037054061889648,-1.1380919218063354,1.3255995512008667,0.28300270438194275,0.10330156236886978,0.5316775441169739,1597052513,905507099
1.1037054061889648,-1.1380919218063354,1.3255995512008667,0.28300270438194275,0.10330156236886978,0.5316775441169739,1597052514,85514787
1.1008687019348145,-1.1297800540924072,1.337394118309021,0.28151461482048035,0.10350501537322998,0.5315219759941101,1597052514,304478786
1.1013940572738647,-1.1309741735458374,1.3414535522460938,0.28203001618385315,0.10348314046859741,0.5315109491348267,1597052514,546535670
1.1013940572738647,-1.1309741735458374,1.3414535522460938,0.28203001618385315,0.10348314046859741,0.5315109491348267,1597052514,684402556
1.1013940572738647,-1.1309741735458374,1.3414535522460938,0.28203001618385315,0.10348314046859741,0.5315109491348267,1597052514,868489466
1.1018238067626953,-1.1349751949310303,1.354196548461914,0.2828754186630249,0.10338716208934784,0.531266450881958,1597052515,42473549
1.1013864278793335,-1.1283135414123535,1.3536478281021118,0.283316433429718,0.10335429012775421,0.5311254858970642,1597052515,219471381
1.1013864278793335,-1.1283135414123535,1.3536478281021118,0.283316433429718,0.10335429012775421,0.5311254858970642,1597052515,411495006
1.1013864278793335,-1.1283135414123535,1.3536478281021118,0.283316433429718,0.10335429012775421,0.5311254858970642,1597052515,633452454
1.1013864278793335,-1.1283135414123535,1.3536478281021118,0.283316433429718,0.10335429012775421,0.5311254858970642,1597052515,807483578
1.1013864278793335,-1.1283135414123535,1.3536478281021118,0.283316433429718,0.10335429012775421,0.5311254858970642,1597052516,32480660
1.1013864278793335,-1.1283135414123535,1.3536478281021118,0.283316433429718,0.10335429012775421,0.5311254858970642,1597052516,257489814
1.1013864278793335,-1.1283135414123535,1.3536478281021118,0.283316433429718,0.10335429012775421,0.5311254858970642,1597052516,473447283
1.0950995683670044,-1.1199545860290527,1.3675211668014526,0.2839176654815674,0.1032484620809555,0.5294109582901001,1597052516,608675439
1.0950995683670044,-1.1199545860290527,1.3675211668014526,0.2839176654815674,0.1032484620809555,0.5294109582901001,1597052516,791426113
1.0950995683670044,-1.1199545860290527,1.3675211668014526,0.2839176654815674,0.1032484620809555,0.5294109582901001,1597052516,920443725
1.0950995683670044,-1.1199545860290527,1.3675211668014526,0.2839176654815674,0.1032484620809555,0.5294109582901001,1597052517,97444104
1.0950995683670044,-1.1199545860290527,1.3675211668014526,0.2839176654815674,0.1032484620809555,0.5294109582901001,1597052517,235426175
1.0950995683670044,-1.1199545860290527,1.3675211668014526,0.2839176654815674,0.1032484620809555,0.5294109582901001,1597052517,412425636
1.0950995683670044,-1.1199545860290527,1.3675211668014526,0.2839176654815674,0.1032484620809555,0.5294109582901001,1597052517,544358210
1.0950995683670044,-1.1199545860290527,1.3675211668014526,0.2839176654815674,0.1032484620809555,0.5294109582901001,1597052517,721432819
1.0950995683670044,-1.1199545860290527,1.3675211668014526,0.2839176654815674,0.1032484620809555,0.5294109582901001,1597052517,853406730
1.0950995683670044,-1.1199545860290527,1.3675211668014526,0.2839176654815674,0.1032484620809555,0.5294109582901001,1597052518,33404001
1.0950995683670044,-1.1199545860290527,1.3675211668014526,0.2839176654815674,0.1032484620809555,0.5294109582901001,1597052518,161163721
1.0950995683670044,-1.1199545860290527,1.3675211668014526,0.2839176654815674,0.1032484620809555,0.5294109582901001,1597052518,345436598
1.0950995683670044,-1.1199545860290527,1.3675211668014526,0.2839176654815674,0.1032484620809555,0.5294109582901001,1597052518,558380353
1.0950995683670044,-1.1199545860290527,1.3675211668014526,0.2839176654815674,0.1032484620809555,0.5294109582901001,1597052518,789397923
1.0950995683670044,-1.1199545860290527,1.3675211668014526,0.2839176654815674,0.1032484620809555,0.5294109582901001,1597052519,17397389
1.0950995683670044,-1.1199545860290527,1.3675211668014526,0.2839176654815674,0.1032484620809555,0.5294109582901001,1597052519,296367971
1.0950995683670044,-1.1199545860290527,1.3675211668014526,0.2839176654815674,0.1032484620809555,0.5294109582901001,1597052519,521358612
1.0950995683670044,-1.1199545860290527,1.3675211668014526,0.2839176654815674,0.1032484620809555,0.5294109582901001,1597052519,720934940
1.0950995683670044,-1.1199545860290527,1.3675211668014526,0.2839176654815674,0.1032484620809555,0.5294109582901001,1597052519,848383133
1.0950995683670044,-1.1199545860290527,1.3675211668014526,0.2839176654815674,0.1032484620809555,0.5294109582901001,1597052519,979484058
1.0950995683670044,-1.1199545860290527,1.3675211668014526,0.2839176654815674,0.1032484620809555,0.5294109582901001,1597052520,170154681
1.0950995683670044,-1.1199545860290527,1.3675211668014526,0.2839176654815674,0.1032484620809555,0.5294109582901001,1597052520,385325868
1.0950995683670044,-1.1199545860290527,1.3675211668014526,0.2839176654815674,0.1032484620809555,0.5294109582901001,1597052520,649312356
1.0950995683670044,-1.1199545860290527,1.3675211668014526,0.2839176654815674,0.1032484620809555,0.5294109582901001,1597052520,870817335
1.0950995683670044,-1.1199545860290527,1.3675211668014526,0.2839176654815674,0.1032484620809555,0.5294109582901001,1597052521,57293479
1.0950995683670044,-1.1199545860290527,1.3675211668014526,0.2839176654815674,0.1032484620809555,0.5294109582901001,1597052521,279276487
1.0950995683670044,-1.1199545860290527,1.3675211668014526,0.2839176654815674,0.1032484620809555,0.5294109582901001,1597052521,503778385
1.0950995683670044,-1.1199545860290527,1.3675211668014526,0.2839176654815674,0.1032484620809555,0.5294109582901001,1597052521,651269975
1.0950995683670044,-1.1199545860290527,1.3675211668014526,0.2839176654815674,0.1032484620809555,0.5294109582901001,1597052521,780280639
1.0950995683670044,-1.1199545860290527,1.3675211668014526,0.2839176654815674,0.1032484620809555,0.5294109582901001,1597052521,960426126
1.0950995683670044,-1.1199545860290527,1.3675211668014526,0.2839176654815674,0.1032484620809555,0.5294109582901001,1597052522,92231580
1.0950995683670044,-1.1199545860290527,1.3675211668014526,0.2839176654815674,0.1032484620809555,0.5294109582901001,1597052522,227235947
1.0950995683670044,-1.1199545860290527,1.3675211668014526,0.2839176654815674,0.1032484620809555,0.5294109582901001,1597052522,365244052
1.0950995683670044,-1.1199545860290527,1.3675211668014526,0.2839176654815674,0.1032484620809555,0.5294109582901001,1597052522,540166011
1.0950995683670044,-1.1199545860290527,1.3675211668014526,0.2839176654815674,0.1032484620809555,0.5294109582901001,1597052522,716244745
1.0950995683670044,-1.1199545860290527,1.3675211668014526,0.2839176654815674,0.1032484620809555,0.5294109582901001,1597052522,892388514
1.0950995683670044,-1.1199545860290527,1.3675211668014526,0.2839176654815674,0.1032484620809555,0.5294109582901001,1597052523,73207986
1.0950995683670044,-1.1199545860290527,1.3675211668014526,0.2839176654815674,0.1032484620809555,0.5294109582901001,1597052523,205205968
0.974916934967041,-1.1210911273956299,1.4803173542022705,0.2822284996509552,0.10606773942708969,0.5144408345222473,1597052523,385177924
0.974916934967041,-1.1210911273956299,1.4803173542022705,0.2822284996509552,0.10606773942708969,0.5144408345222473,1597052523,517180189
0.974916934967041,-1.1210911273956299,1.4803173542022705,0.2822284996509552,0.10606773942708969,0.5144408345222473,1597052523,652179950
0.974916934967041,-1.1210911273956299,1.4803173542022705,0.2822284996509552,0.10606773942708969,0.5144408345222473,1597052523,834816980
0.974916934967041,-1.1210911273956299,1.4803173542022705,0.2822284996509552,0.10606773942708969,0.5144408345222473,1597052523,973155569
0.974916934967041,-1.1210911273956299,1.4803173542022705,0.2822284996509552,0.10606773942708969,0.5144408345222473,1597052524,114146251
0.974916934967041,-1.1210911273956299,1.4803173542022705,0.2822284996509552,0.10606773942708969,0.5144408345222473,1597052524,288145147
0.974916934967041,-1.1210911273956299,1.4803173542022705,0.2822284996509552,0.10606773942708969,0.5144408345222473,1597052524,468135048
0.974916934967041,-1.1210911273956299,1.4803173542022705,0.2822284996509552,0.10606773942708969,0.5144408345222473,1597052524,648113432
0.974916934967041,-1.1210911273956299,1.4803173542022705,0.2822284996509552,0.10606773942708969,0.5144408345222473,1597052524,834134766
0.974916934967041,-1.1210911273956299,1.4803173542022705,0.2822284996509552,0.10606773942708969,0.5144408345222473,1597052524,963105448
0.974916934967041,-1.1210911273956299,1.4803173542022705,0.2822284996509552,0.10606773942708969,0.5144408345222473,1597052525,102321823
0.974916934967041,-1.1210911273956299,1.4803173542022705,0.2822284996509552,0.10606773942708969,0.5144408345222473,1597052525,233083428
0.974916934967041,-1.1210911273956299,1.4803173542022705,0.2822284996509552,0.10606773942708969,0.5144408345222473,1597052525,407101841
0.974916934967041,-1.1210911273956299,1.4803173542022705,0.2822284996509552,0.10606773942708969,0.5144408345222473,1597052525,593084251
0.974916934967041,-1.1210911273956299,1.4803173542022705,0.2822284996509552,0.10606773942708969,0.5144408345222473,1597052525,725061076
0.974916934967041,-1.1210911273956299,1.4803173542022705,0.2822284996509552,0.10606773942708969,0.5144408345222473,1597052525,860101474
0.974916934967041,-1.1210911273956299,1.4803173542022705,0.2822284996509552,0.10606773942708969,0.5144408345222473,1597052525,991748863
0.974916934967041,-1.1210911273956299,1.4803173542022705,0.2822284996509552,0.10606773942708969,0.5144408345222473,1597052526,133069951
0.974916934967041,-1.1210911273956299,1.4803173542022705,0.2822284996509552,0.10606773942708969,0.5144408345222473,1597052526,313077894
0.974916934967041,-1.1210911273956299,1.4803173542022705,0.2822284996509552,0.10606773942708969,0.5144408345222473,1597052526,454049306
0.974916934967041,-1.1210911273956299,1.4803173542022705,0.2822284996509552,0.10606773942708969,0.5144408345222473,1597052526,628031770
0.974916934967041,-1.1210911273956299,1.4803173542022705,0.2822284996509552,0.10606773942708969,0.5144408345222473,1597052526,721103465
0.974916934967041,-1.1210911273956299,1.4803173542022705,0.2822284996509552,0.10606773942708969,0.5144408345222473,1597052526,901030609
0.974916934967041,-1.1210911273956299,1.4803173542022705,0.2822284996509552,0.10606773942708969,0.5144408345222473,1597052527,42017510
0.974916934967041,-1.1210911273956299,1.4803173542022705,0.2822284996509552,0.10606773942708969,0.5144408345222473,1597052527,171210323
0.974916934967041,-1.1210911273956299,1.4803173542022705,0.2822284996509552,0.10606773942708969,0.5144408345222473,1597052527,311992002
0.974916934967041,-1.1210911273956299,1.4803173542022705,0.2822284996509552,0.10606773942708969,0.5144408345222473,1597052527,443995302
0.974916934967041,-1.1210911273956299,1.4803173542022705,0.2822284996509552,0.10606773942708969,0.5144408345222473,1597052527,620988968
0.974916934967041,-1.1210911273956299,1.4803173542022705,0.2822284996509552,0.10606773942708969,0.5144408345222473,1597052527,758996524
0.974916934967041,-1.1210911273956299,1.4803173542022705,0.2822284996509552,0.10606773942708969,0.5144408345222473,1597052527,981012138
0.974916934967041,-1.1210911273956299,1.4803173542022705,0.2822284996509552,0.10606773942708969,0.5144408345222473,1597052528,160958274
0.974916934967041,-1.1210911273956299,1.4803173542022705,0.2822284996509552,0.10606773942708969,0.5144408345222473,1597052528,392085478
0.974916934967041,-1.1210911273956299,1.4803173542022705,0.2822284996509552,0.10606773942708969,0.5144408345222473,1597052528,571948338
0.974916934967041,-1.1210911273956299,1.4803173542022705,0.2822284996509552,0.10606773942708969,0.5144408345222473,1597052528,751947363
0.974916934967041,-1.1210911273956299,1.4803173542022705,0.2822284996509552,0.10606773942708969,0.5144408345222473,1597052528,888304640
0.974916934967041,-1.1210911273956299,1.4803173542022705,0.2822284996509552,0.10606773942708969,0.5144408345222473,1597052529,63945686
0.974916934967041,-1.1210911273956299,1.4803173542022705,0.2822284996509552,0.10606773942708969,0.5144408345222473,1597052529,198817224
0.974916934967041,-1.1210911273956299,1.4803173542022705,0.2822284996509552,0.10606773942708969,0.5144408345222473,1597052529,420917753
0.974916934967041,-1.1210911273956299,1.4803173542022705,0.2822284996509552,0.10606773942708969,0.5144408345222473,1597052529,552892367
0.974916934967041,-1.1210911273956299,1.4803173542022705,0.2822284996509552,0.10606773942708969,0.5144408345222473,1597052529,732892497
0.974916934967041,-1.1210911273956299,1.4803173542022705,0.2822284996509552,0.10606773942708969,0.5144408345222473,1597052529,866479218
0.974916934967041,-1.1210911273956299,1.4803173542022705,0.2822284996509552,0.10606773942708969,0.5144408345222473,1597052530,38886322
0.974916934967041,-1.1210911273956299,1.4803173542022705,0.2822284996509552,0.10606773942708969,0.5144408345222473,1597052530,176864733
0.974916934967041,-1.1210911273956299,1.4803173542022705,0.2822284996509552,0.10606773942708969,0.5144408345222473,1597052530,356857833
0.8951380252838135,-1.0969735383987427,1.5513452291488647,0.28440022468566895,0.10643546283245087,0.5031580328941345,1597052530,545852796
0.8951380252838135,-1.0969735383987427,1.5513452291488647,0.28440022468566895,0.10643546283245087,0.5031580328941345,1597052530,681356434
0.8951380252838135,-1.0969735383987427,1.5513452291488647,0.28440022468566895,0.10643546283245087,0.5031580328941345,1597052530,860855549
0.8951380252838135,-1.0969735383987427,1.5513452291488647,0.28440022468566895,0.10643546283245087,0.5031580328941345,1597052530,992833069
0.8951380252838135,-1.0969735383987427,1.5513452291488647,0.28440022468566895,0.10643546283245087,0.5031580328941345,1597052531,118829512
0.8951380252838135,-1.0969735383987427,1.5513452291488647,0.28440022468566895,0.10643546283245087,0.5031580328941345,1597052531,295839046
0.8951380252838135,-1.0969735383987427,1.5513452291488647,0.28440022468566895,0.10643546283245087,0.5031580328941345,1597052531,472848105
0.8951380252838135,-1.0969735383987427,1.5513452291488647,0.28440022468566895,0.10643546283245087,0.5031580328941345,1597052531,691803649
0.8953091502189636,-1.1100157499313354,1.5388219356536865,0.283321350812912,0.10652363300323486,0.503404438495636,1597052531,823795442
0.8948252201080322,-1.10677170753479,1.5340359210968018,0.283994197845459,0.10638920217752457,0.5032168626785278,1597052532,813856
0.8948252201080322,-1.10677170753479,1.5340359210968018,0.283994197845459,0.10638920217752457,0.5032168626785278,1597052532,132796993
0.8948252201080322,-1.10677170753479,1.5340359210968018,0.283994197845459,0.10638920217752457,0.5032168626785278,1597052532,309795648
0.8948252201080322,-1.10677170753479,1.5340359210968018,0.283994197845459,0.10638920217752457,0.5032168626785278,1597052532,444765527
0.8948252201080322,-1.10677170753479,1.5340359210968018,0.283994197845459,0.10638920217752457,0.5032168626785278,1597052532,672780552
0.8953180909156799,-1.095354676246643,1.5540040731430054,0.2846812307834625,0.10639505833387375,0.5028811097145081,1597052532,754817116
0.8953180909156799,-1.095354676246643,1.5540040731430054,0.2846812307834625,0.10639505833387375,0.5028811097145081,1597052532,936763047
0.8953180909156799,-1.095354676246643,1.5540040731430054,0.2846812307834625,0.10639505833387375,0.5028811097145081,1597052533,71735873
0.8953180909156799,-1.095354676246643,1.5540040731430054,0.2846812307834625,0.10639505833387375,0.5028811097145081,1597052533,251728283
0.8953180909156799,-1.095354676246643,1.5540040731430054,0.2846812307834625,0.10639505833387375,0.5028811097145081,1597052533,442817222
0.8877359628677368,-1.1005768775939941,1.5536704063415527,0.2824419140815735,0.10665015131235123,0.5024965405464172,1597052533,623733573
0.8898065686225891,-1.0993754863739014,1.5463502407073975,0.2818966805934906,0.10664742439985275,0.5023955702781677,1597052533,854700607
0.8898065686225891,-1.0993754863739014,1.5463502407073975,0.2818966805934906,0.10664742439985275,0.5023955702781677,1597052534,85721482
0.8876083493232727,-1.1076419353485107,1.5497066974639893,0.2817351520061493,0.10654459148645401,0.5019534230232239,1597052534,211710098
0.8876083493232727,-1.1076419353485107,1.5497066974639893,0.2817351520061493,0.10654459148645401,0.5019534230232239,1597052534,481837890
0.8876083493232727,-1.1076419353485107,1.5497066974639893,0.2817351520061493,0.10654459148645401,0.5019534230232239,1597052534,625666187
0.8876083493232727,-1.1076419353485107,1.5497066974639893,0.2817351520061493,0.10654459148645401,0.5019534230232239,1597052534,847666364
0.8876083493232727,-1.1076419353485107,1.5497066974639893,0.2817351520061493,0.10654459148645401,0.5019534230232239,1597052535,69663597
0.8876083493232727,-1.1076419353485107,1.5497066974639893,0.2817351520061493,0.10654459148645401,0.5019534230232239,1597052535,204634525
0.8876083493232727,-1.1076419353485107,1.5497066974639893,0.2817351520061493,0.10654459148645401,0.5019534230232239,1597052535,339634706
0.8876083493232727,-1.1076419353485107,1.5497066974639893,0.2817351520061493,0.10654459148645401,0.5019534230232239,1597052535,525635952
0.8876083493232727,-1.1076419353485107,1.5497066974639893,0.2817351520061493,0.10654459148645401,0.5019534230232239,1597052535,708629851
0.8876083493232727,-1.1076419353485107,1.5497066974639893,0.2817351520061493,0.10654459148645401,0.5019534230232239,1597052535,792629940
0.8876083493232727,-1.1076419353485107,1.5497066974639893,0.2817351520061493,0.10654459148645401,0.5019534230232239,1597052535,972630572
0.8876083493232727,-1.1076419353485107,1.5497066974639893,0.2817351520061493,0.10654459148645401,0.5019534230232239,1597052536,104626974
0.8876083493232727,-1.1076419353485107,1.5497066974639893,0.2817351520061493,0.10654459148645401,0.5019534230232239,1597052536,281622532
0.8876083493232727,-1.1076419353485107,1.5497066974639893,0.2817351520061493,0.10654459148645401,0.5019534230232239,1597052536,449000148
0.8876083493232727,-1.1076419353485107,1.5497066974639893,0.2817351520061493,0.10654459148645401,0.5019534230232239,1597052536,626597673
0.8876083493232727,-1.1076419353485107,1.5497066974639893,0.2817351520061493,0.10654459148645401,0.5019534230232239,1597052536,848831249
0.8876083493232727,-1.1076419353485107,1.5497066974639893,0.2817351520061493,0.10654459148645401,0.5019534230232239,1597052536,985083992
0.8876083493232727,-1.1076419353485107,1.5497066974639893,0.2817351520061493,0.10654459148645401,0.5019534230232239,1597052537,163609963
0.8876083493232727,-1.1076419353485107,1.5497066974639893,0.2817351520061493,0.10654459148645401,0.5019534230232239,1597052537,256634094
0.8876083493232727,-1.1076419353485107,1.5497066974639893,0.2817351520061493,0.10654459148645401,0.5019534230232239,1597052537,388632119
0.8876083493232727,-1.1076419353485107,1.5497066974639893,0.2817351520061493,0.10654459148645401,0.5019534230232239,1597052537,523615336
0.8876083493232727,-1.1076419353485107,1.5497066974639893,0.2817351520061493,0.10654459148645401,0.5019534230232239,1597052537,665013623
0.8876083493232727,-1.1076419353485107,1.5497066974639893,0.2817351520061493,0.10654459148645401,0.5019534230232239,1597052537,793537388
0.8876083493232727,-1.1076419353485107,1.5497066974639893,0.2817351520061493,0.10654459148645401,0.5019534230232239,1597052537,925533342
0.8876083493232727,-1.1076419353485107,1.5497066974639893,0.2817351520061493,0.10654459148645401,0.5019534230232239,1597052538,17957938
0.8876083493232727,-1.1076419353485107,1.5497066974639893,0.2817351520061493,0.10654459148645401,0.5019534230232239,1597052538,153525942
0.8876083493232727,-1.1076419353485107,1.5497066974639893,0.2817351520061493,0.10654459148645401,0.5019534230232239,1597052538,234525301
0.8876083493232727,-1.1076419353485107,1.5497066974639893,0.2817351520061493,0.10654459148645401,0.5019534230232239,1597052538,417527983
0.8876083493232727,-1.1076419353485107,1.5497066974639893,0.2817351520061493,0.10654459148645401,0.5019534230232239,1597052538,507526946
0.8876083493232727,-1.1076419353485107,1.5497066974639893,0.2817351520061493,0.10654459148645401,0.5019534230232239,1597052538,645534951
0.8344874978065491,-1.0652694702148438,1.6431418657302856,0.2848530411720276,0.106131911277771,0.49639692902565,1597052538,780534466
0.8344874978065491,-1.0652694702148438,1.6431418657302856,0.2848530411720276,0.106131911277771,0.49639692902565,1597052539,5539023
0.8344874978065491,-1.0652694702148438,1.6431418657302856,0.2848530411720276,0.106131911277771,0.49639692902565,1597052539,168641303
0.8344874978065491,-1.0652694702148438,1.6431418657302856,0.2848530411720276,0.106131911277771,0.49639692902565,1597052539,350507224
0.8344874978065491,-1.0652694702148438,1.6431418657302856,0.2848530411720276,0.106131911277771,0.49639692902565,1597052539,485526354
0.8344874978065491,-1.0652694702148438,1.6431418657302856,0.2848530411720276,0.106131911277771,0.49639692902565,1597052539,617519062
0.8344874978065491,-1.0652694702148438,1.6431418657302856,0.2848530411720276,0.106131911277771,0.49639692902565,1597052539,797418523
0.8344874978065491,-1.0652694702148438,1.6431418657302856,0.2848530411720276,0.106131911277771,0.49639692902565,1597052539,929530150
0.8344874978065491,-1.0652694702148438,1.6431418657302856,0.2848530411720276,0.106131911277771,0.49639692902565,1597052540,61407272
0.8344874978065491,-1.0652694702148438,1.6431418657302856,0.2848530411720276,0.106131911277771,0.49639692902565,1597052540,232416160
0.8356809020042419,-1.0633093118667603,1.6470564603805542,0.28806397318840027,0.10589408129453659,0.4954376220703125,1597052540,376414631
0.8356809020042419,-1.0633093118667603,1.6470564603805542,0.28806397318840027,0.10589408129453659,0.4954376220703125,1597052540,550412712
0.8356809020042419,-1.0633093118667603,1.6470564603805542,0.28806397318840027,0.10589408129453659,0.4954376220703125,1597052540,640390179
0.8356809020042419,-1.0633093118667603,1.6470564603805542,0.28806397318840027,0.10589408129453659,0.4954376220703125,1597052540,772385378
0.8356809020042419,-1.0633093118667603,1.6470564603805542,0.28806397318840027,0.10589408129453659,0.4954376220703125,1597052540,865383434
0.8356809020042419,-1.0633093118667603,1.6470564603805542,0.28806397318840027,0.10589408129453659,0.4954376220703125,1597052541,394763
0.8356809020042419,-1.0633093118667603,1.6470564603805542,0.28806397318840027,0.10589408129453659,0.4954376220703125,1597052541,93386695
0.8356809020042419,-1.0633093118667603,1.6470564603805542,0.28806397318840027,0.10589408129453659,0.4954376220703125,1597052541,225347097
0.8356809020042419,-1.0633093118667603,1.6470564603805542,0.28806397318840027,0.10589408129453659,0.4954376220703125,1597052541,309357065
0.8356809020042419,-1.0633093118667603,1.6470564603805542,0.28806397318840027,0.10589408129453659,0.4954376220703125,1597052541,450392101
0.8356809020042419,-1.0633093118667603,1.6470564603805542,0.28806397318840027,0.10589408129453659,0.4954376220703125,1597052541,540363540
0.8356809020042419,-1.0633093118667603,1.6470564603805542,0.28806397318840027,0.10589408129453659,0.4954376220703125,1597052541,639342413
0.8356809020042419,-1.0633093118667603,1.6470564603805542,0.28806397318840027,0.10589408129453659,0.4954376220703125,1597052541,765357508
0.8356809020042419,-1.0633093118667603,1.6470564603805542,0.28806397318840027,0.10589408129453659,0.4954376220703125,1597052541,903321129
0.8356809020042419,-1.0633093118667603,1.6470564603805542,0.28806397318840027,0.10589408129453659,0.4954376220703125,1597052542,41325629
0.8356809020042419,-1.0633093118667603,1.6470564603805542,0.28806397318840027,0.10589408129453659,0.4954376220703125,1597052542,173499343
0.8356809020042419,-1.0633093118667603,1.6470564603805542,0.28806397318840027,0.10589408129453659,0.4954376220703125,1597052542,311321890
0.8326255679130554,-1.070202350616455,1.6289993524551392,0.28396424651145935,0.10629913210868835,0.49646925926208496,1597052542,440407038
0.8326255679130554,-1.070202350616455,1.6289993524551392,0.28396424651145935,0.10629913210868835,0.49646925926208496,1597052542,572313316
0.8326255679130554,-1.070202350616455,1.6289993524551392,0.28396424651145935,0.10629913210868835,0.49646925926208496,1597052542,661025272
0.8326255679130554,-1.070202350616455,1.6289993524551392,0.28396424651145935,0.10629913210868835,0.49646925926208496,1597052542,848297952
0.8349652290344238,-1.0662167072296143,1.6462721824645996,0.2872712016105652,0.10594619065523148,0.4958084523677826,1597052542,980303134
0.8349652290344238,-1.0662167072296143,1.6462721824645996,0.2872712016105652,0.10594619065523148,0.4958084523677826,1597052543,73297364
0.8349652290344238,-1.0662167072296143,1.6462721824645996,0.2872712016105652,0.10594619065523148,0.4958084523677826,1597052543,169297113
0.8349652290344238,-1.0662167072296143,1.6462721824645996,0.2872712016105652,0.10594619065523148,0.4958084523677826,1597052543,388287029
0.8349652290344238,-1.0662167072296143,1.6462721824645996,0.2872712016105652,0.10594619065523148,0.4958084523677826,1597052543,532267941
0.8349652290344238,-1.0662167072296143,1.6462721824645996,0.2872712016105652,0.10594619065523148,0.4958084523677826,1597052543,682968209
0.8349652290344238,-1.0662167072296143,1.6462721824645996,0.2872712016105652,0.10594619065523148,0.4958084523677826,1597052544,831198433
0.8349652290344238,-1.0662167072296143,1.6462721824645996,0.2872712016105652,0.10594619065523148,0.4958084523677826,1597052545,10920546
0.8347895741462708,-1.0760561227798462,1.6407043933868408,0.28405654430389404,0.10620123893022537,0.49667027592658997,1597052545,149228272
0.8347895741462708,-1.0760561227798462,1.6407043933868408,0.28405654430389404,0.10620123893022537,0.49667027592658997,1597052545,281217940
